{"cameraMode":{"drawMode":0,"name":"Shaded","section":"Shading Mode"},"sceneLighting":false,"audioPlay":false,"sceneViewState":{"showFog":true,"showMaterialUpdate":false,"showSkybox":false,"showFlares":true,"showImageEffects":true,"showParticleSystems":true},"in2DMode":false,"pivot":{"x":0.7317774295806885,"y":0.36327892541885378,"z":-1.9952597618103028},"rotation":{"x":-0.003646551165729761,"y":0.9963487386703491,"z":0.06195506080985069,"w":0.058649253100156787},"size":1.0213229656219483,"orthographic":false}